0	\\Public Studies\\Acute_Physiologic_Hyperinsulinemia_Coletta_GSE9105\\	Acute_Physiologic_Hyperinsulinemia_Coletta_GSE9105	N	FA 	null	58	null	CONCEPT_CD	CONCEPT_DIMENSION	CONCEPT_PATH	T	LIKE	\\Public Studies\\Acute_Physiologic_Hyperinsulinemia_Coletta_GSE9105\\	trial:GSE9105	\\Public Studies\\Acute_Physiologic_Hyperinsulinemia_Coletta_GSE9105\\	@	2012-02-27	2012-02-27	2012-02-27	GSE9105	null	null	null	null
3	\\Public Studies\\Acute_Physiologic_Hyperinsulinemia_Coletta_GSE9105\\Samples and Timepoints\\Vastus Lateralis Muscle\\030 Minutes after start of Insulin infusion\\	030 Minutes after start of Insulin infusion	N	LA 	null	63	null	CONCEPT_CD	CONCEPT_DIMENSION	CONCEPT_PATH	T	LIKE	\\Public Studies\\Acute_Physiologic_Hyperinsulinemia_Coletta_GSE9105\\Samples and Timepoints\\Vastus Lateralis Muscle\\030 Minutes after start of Insulin infusion\\	trial:GSE9105	\\Public Studies\\Acute_Physiologic_Hyperinsulinemia_Coletta_GSE9105\\Samples and Timepoints\\Vastus Lateralis Muscle\\030 Minutes after start of Insulin infusion\\	@	2012-02-27	2012-02-27	2012-02-27	GSE9105	null	null	null	null
3	\\Public Studies\\Acute_Physiologic_Hyperinsulinemia_Coletta_GSE9105\\Samples and Timepoints\\Vastus Lateralis Muscle\\240 Minutes after start of Insulin infusion\\	240 Minutes after start of Insulin infusion	N	LA 	null	61	null	CONCEPT_CD	CONCEPT_DIMENSION	CONCEPT_PATH	T	LIKE	\\Public Studies\\Acute_Physiologic_Hyperinsulinemia_Coletta_GSE9105\\Samples and Timepoints\\Vastus Lateralis Muscle\\240 Minutes after start of Insulin infusion\\	trial:GSE9105	\\Public Studies\\Acute_Physiologic_Hyperinsulinemia_Coletta_GSE9105\\Samples and Timepoints\\Vastus Lateralis Muscle\\240 Minutes after start of Insulin infusion\\	@	2012-02-27	2012-02-27	2012-02-27	GSE9105	null	null	null	null
3	\\Public Studies\\Acute_Physiologic_Hyperinsulinemia_Coletta_GSE9105\\Samples and Timepoints\\Vastus Lateralis Muscle\\Baseline\\	Baseline	N	LA 	null	64	null	CONCEPT_CD	CONCEPT_DIMENSION	CONCEPT_PATH	T	LIKE	\\Public Studies\\Acute_Physiologic_Hyperinsulinemia_Coletta_GSE9105\\Samples and Timepoints\\Vastus Lateralis Muscle\\Baseline\\	trial:GSE9105	\\Public Studies\\Acute_Physiologic_Hyperinsulinemia_Coletta_GSE9105\\Samples and Timepoints\\Vastus Lateralis Muscle\\Baseline\\	@	2012-02-27	2012-02-27	2012-02-27	GSE9105	null	null	null	null
4	\\Public Studies\\Acute_Physiologic_Hyperinsulinemia_Coletta_GSE9105\\Subjects\\Demographics\\Gender\\Female\\	Female	N	LA 	null	60	null	CONCEPT_CD	CONCEPT_DIMENSION	CONCEPT_PATH	T	LIKE	\\Public Studies\\Acute_Physiologic_Hyperinsulinemia_Coletta_GSE9105\\Subjects\\Demographics\\Gender\\Female\\	trial:GSE9105	\\Public Studies\\Acute_Physiologic_Hyperinsulinemia_Coletta_GSE9105\\Subjects\\Demographics\\Gender\\Female\\	@	2012-02-27	2012-02-27	2012-02-27	GSE9105	null	null	null	null
4	\\Public Studies\\Acute_Physiologic_Hyperinsulinemia_Coletta_GSE9105\\Subjects\\Demographics\\Gender\\Male\\	Male	N	LA 	null	59	null	CONCEPT_CD	CONCEPT_DIMENSION	CONCEPT_PATH	T	LIKE	\\Public Studies\\Acute_Physiologic_Hyperinsulinemia_Coletta_GSE9105\\Subjects\\Demographics\\Gender\\Male\\	trial:GSE9105	\\Public Studies\\Acute_Physiologic_Hyperinsulinemia_Coletta_GSE9105\\Subjects\\Demographics\\Gender\\Male\\	@	2012-02-27	2012-02-27	2012-02-27	GSE9105	null	null	null	null
4	\\Public Studies\\Acute_Physiologic_Hyperinsulinemia_Coletta_GSE9105\\Subjects\\Demographics\\Race\\Caucasian\\	Caucasian	N	LA 	null	66	null	CONCEPT_CD	CONCEPT_DIMENSION	CONCEPT_PATH	T	LIKE	\\Public Studies\\Acute_Physiologic_Hyperinsulinemia_Coletta_GSE9105\\Subjects\\Demographics\\Race\\Caucasian\\	trial:GSE9105	\\Public Studies\\Acute_Physiologic_Hyperinsulinemia_Coletta_GSE9105\\Subjects\\Demographics\\Race\\Caucasian\\	@	2012-02-27	2012-02-27	2012-02-27	GSE9105	null	null	null	null
4	\\Public Studies\\Acute_Physiologic_Hyperinsulinemia_Coletta_GSE9105\\Subjects\\Demographics\\Race\\Mexican American\\	Mexican American	N	LA 	null	62	null	CONCEPT_CD	CONCEPT_DIMENSION	CONCEPT_PATH	T	LIKE	\\Public Studies\\Acute_Physiologic_Hyperinsulinemia_Coletta_GSE9105\\Subjects\\Demographics\\Race\\Mexican American\\	trial:GSE9105	\\Public Studies\\Acute_Physiologic_Hyperinsulinemia_Coletta_GSE9105\\Subjects\\Demographics\\Race\\Mexican American\\	@	2012-02-27	2012-02-27	2012-02-27	GSE9105	null	null	null	null
4	\\Public Studies\\Acute_Physiologic_Hyperinsulinemia_Coletta_GSE9105\\Subjects\\Medical History\\Family History Diabetes Status\\Negative\\	Negative	N	LA 	null	65	null	CONCEPT_CD	CONCEPT_DIMENSION	CONCEPT_PATH	T	LIKE	\\Public Studies\\Acute_Physiologic_Hyperinsulinemia_Coletta_GSE9105\\Subjects\\Medical History\\Family History Diabetes Status\\Negative\\	trial:GSE9105	\\Public Studies\\Acute_Physiologic_Hyperinsulinemia_Coletta_GSE9105\\Subjects\\Medical History\\Family History Diabetes Status\\Negative\\	@	2012-02-27	2012-02-27	2012-02-27	GSE9105	null	null	null	null
1	\\Public Studies\\Acute_Physiologic_Hyperinsulinemia_Coletta_GSE9105\\Subjects\\	Subjects	N	FA 	null	67	null	CONCEPT_CD	CONCEPT_DIMENSION	CONCEPT_PATH	T	LIKE	\\Public Studies\\Acute_Physiologic_Hyperinsulinemia_Coletta_GSE9105\\Subjects\\	trial:GSE9105	\\Public Studies\\Acute_Physiologic_Hyperinsulinemia_Coletta_GSE9105\\Subjects\\	@	2012-02-27	2012-02-27	2012-02-27	GSE9105	null	null	null	null
2	\\Public Studies\\Acute_Physiologic_Hyperinsulinemia_Coletta_GSE9105\\Subjects\\Demographics\\	Demographics	N	FA 	null	68	null	CONCEPT_CD	CONCEPT_DIMENSION	CONCEPT_PATH	T	LIKE	\\Public Studies\\Acute_Physiologic_Hyperinsulinemia_Coletta_GSE9105\\Subjects\\Demographics\\	trial:GSE9105	\\Public Studies\\Acute_Physiologic_Hyperinsulinemia_Coletta_GSE9105\\Subjects\\Demographics\\	@	2012-02-27	2012-02-27	2012-02-27	GSE9105	null	null	null	null
3	\\Public Studies\\Acute_Physiologic_Hyperinsulinemia_Coletta_GSE9105\\Subjects\\Demographics\\Race\\	Race	N	FA 	null	69	null	CONCEPT_CD	CONCEPT_DIMENSION	CONCEPT_PATH	T	LIKE	\\Public Studies\\Acute_Physiologic_Hyperinsulinemia_Coletta_GSE9105\\Subjects\\Demographics\\Race\\	trial:GSE9105	\\Public Studies\\Acute_Physiologic_Hyperinsulinemia_Coletta_GSE9105\\Subjects\\Demographics\\Race\\	@	2012-02-27	2012-02-27	2012-02-27	GSE9105	null	null	null	null
1	\\Public Studies\\Acute_Physiologic_Hyperinsulinemia_Coletta_GSE9105\\Samples and Timepoints\\	Samples and Timepoints	N	FA 	null	70	null	CONCEPT_CD	CONCEPT_DIMENSION	CONCEPT_PATH	T	LIKE	\\Public Studies\\Acute_Physiologic_Hyperinsulinemia_Coletta_GSE9105\\Samples and Timepoints\\	trial:GSE9105	\\Public Studies\\Acute_Physiologic_Hyperinsulinemia_Coletta_GSE9105\\Samples and Timepoints\\	@	2012-02-27	2012-02-27	2012-02-27	GSE9105	null	null	null	null
2	\\Public Studies\\Acute_Physiologic_Hyperinsulinemia_Coletta_GSE9105\\Samples and Timepoints\\Vastus Lateralis Muscle\\	Vastus Lateralis Muscle	N	FA 	null	71	null	CONCEPT_CD	CONCEPT_DIMENSION	CONCEPT_PATH	T	LIKE	\\Public Studies\\Acute_Physiologic_Hyperinsulinemia_Coletta_GSE9105\\Samples and Timepoints\\Vastus Lateralis Muscle\\	trial:GSE9105	\\Public Studies\\Acute_Physiologic_Hyperinsulinemia_Coletta_GSE9105\\Samples and Timepoints\\Vastus Lateralis Muscle\\	@	2012-02-27	2012-02-27	2012-02-27	GSE9105	null	null	null	null
2	\\Public Studies\\Acute_Physiologic_Hyperinsulinemia_Coletta_GSE9105\\Subjects\\Medical History\\	Medical History	N	FA 	null	73	null	CONCEPT_CD	CONCEPT_DIMENSION	CONCEPT_PATH	T	LIKE	\\Public Studies\\Acute_Physiologic_Hyperinsulinemia_Coletta_GSE9105\\Subjects\\Medical History\\	trial:GSE9105	\\Public Studies\\Acute_Physiologic_Hyperinsulinemia_Coletta_GSE9105\\Subjects\\Medical History\\	@	2012-02-27	2012-02-27	2012-02-27	GSE9105	null	null	null	null
3	\\Public Studies\\Acute_Physiologic_Hyperinsulinemia_Coletta_GSE9105\\Subjects\\Medical History\\Family History Diabetes Status\\	Family History Diabetes Status	N	FA 	null	74	null	CONCEPT_CD	CONCEPT_DIMENSION	CONCEPT_PATH	T	LIKE	\\Public Studies\\Acute_Physiologic_Hyperinsulinemia_Coletta_GSE9105\\Subjects\\Medical History\\Family History Diabetes Status\\	trial:GSE9105	\\Public Studies\\Acute_Physiologic_Hyperinsulinemia_Coletta_GSE9105\\Subjects\\Medical History\\Family History Diabetes Status\\	@	2012-02-27	2012-02-27	2012-02-27	GSE9105	null	null	null	null
2	\\Public Studies\\Breast_Cancer_Sorlie_GSE4382\\Sample Factors\\Age at Diagnosis\\	Age at Diagnosis	N	LA 	null	40	<?xml version="1.0"?><ValueMetadata><Version>3.02</Version><CreationDateTime>08/14/2008 01:22:59</CreationDateTime><TestID></TestID><TestName></TestName><DataType>PosFloat</DataType><CodeType></CodeType><Loinc></Loinc><Flagstouse></Flagstouse><Oktousevalues>Y</Oktousevalues><MaxStringLength></MaxStringLength><LowofLowValue>0</LowofLowValue><HighofLowValue>0</HighofLowValue><LowofHighValue>100</LowofHighValue>100<HighofHighValue>100</HighofHighValue><LowofToxicValue></LowofToxicValue><HighofToxicValue></HighofToxicValue><EnumValues></EnumValues><CommentsDeterminingExclusion><Com></Com></CommentsDeterminingExclusion><UnitValues><NormalUnits>ratio</NormalUnits><EqualUnits></EqualUnits><ExcludingUnits></ExcludingUnits><ConvertingUnits><Units></Units><MultiplyingFactor></MultiplyingFactor></ConvertingUnits></UnitValues><Analysis><Enums /><Counts /><New /></Analysis></ValueMetadata>	CONCEPT_CD	CONCEPT_DIMENSION	CONCEPT_PATH	T	LIKE	\\Public Studies\\Breast_Cancer_Sorlie_GSE4382\\Sample Factors\\Age at Diagnosis\\	trial:GSE4382	\\Public Studies\\Breast_Cancer_Sorlie_GSE4382\\Sample Factors\\Age at Diagnosis\\	@	2012-02-27	2012-02-27	2012-02-27	GSE4382	null	null	null	null
5	\\Public Studies\\Breast_Cancer_Sorlie_GSE4382\\Sample Factors\\End Points\\General clinical state finding (Survival Censor)\\Alive\\Alive, Clinical disease or syndrome present\\	Alive, Clinical disease or syndrome present	N	LA 	null	32	null	CONCEPT_CD	CONCEPT_DIMENSION	CONCEPT_PATH	T	LIKE	\\Public Studies\\Breast_Cancer_Sorlie_GSE4382\\Sample Factors\\End Points\\General clinical state finding (Survival Censor)\\Alive\\Alive, Clinical disease or syndrome present\\	trial:GSE4382	\\Public Studies\\Breast_Cancer_Sorlie_GSE4382\\Sample Factors\\End Points\\General clinical state finding (Survival Censor)\\Alive\\Alive, Clinical disease or syndrome present\\	@	2012-02-27	2012-02-27	2012-02-27	GSE4382	null	null	null	null
5	\\Public Studies\\Breast_Cancer_Sorlie_GSE4382\\Sample Factors\\End Points\\General clinical state finding (Survival Censor)\\Alive\\Alive\\	Alive	N	LA 	null	9	null	CONCEPT_CD	CONCEPT_DIMENSION	CONCEPT_PATH	T	LIKE	\\Public Studies\\Breast_Cancer_Sorlie_GSE4382\\Sample Factors\\End Points\\General clinical state finding (Survival Censor)\\Alive\\Alive\\	trial:GSE4382	\\Public Studies\\Breast_Cancer_Sorlie_GSE4382\\Sample Factors\\End Points\\General clinical state finding (Survival Censor)\\Alive\\Alive\\	@	2012-02-27	2012-02-27	2012-02-27	GSE4382	null	null	null	null
5	\\Public Studies\\Breast_Cancer_Sorlie_GSE4382\\Sample Factors\\End Points\\General clinical state finding (Survival Censor)\\Dead\\Cause of Death, Clinical disease or syndrome present\\	Cause of Death, Clinical disease or syndrome present	N	LA 	null	21	null	CONCEPT_CD	CONCEPT_DIMENSION	CONCEPT_PATH	T	LIKE	\\Public Studies\\Breast_Cancer_Sorlie_GSE4382\\Sample Factors\\End Points\\General clinical state finding (Survival Censor)\\Dead\\Cause of Death, Clinical disease or syndrome present\\	trial:GSE4382	\\Public Studies\\Breast_Cancer_Sorlie_GSE4382\\Sample Factors\\End Points\\General clinical state finding (Survival Censor)\\Dead\\Cause of Death, Clinical disease or syndrome present\\	@	2012-02-27	2012-02-27	2012-02-27	GSE4382	null	null	null	null
5	\\Public Studies\\Breast_Cancer_Sorlie_GSE4382\\Sample Factors\\End Points\\General clinical state finding (Survival Censor)\\Dead\\Cause of Death, Other\\	Cause of Death, Other	N	LA 	null	23	null	CONCEPT_CD	CONCEPT_DIMENSION	CONCEPT_PATH	T	LIKE	\\Public Studies\\Breast_Cancer_Sorlie_GSE4382\\Sample Factors\\End Points\\General clinical state finding (Survival Censor)\\Dead\\Cause of Death, Other\\	trial:GSE4382	\\Public Studies\\Breast_Cancer_Sorlie_GSE4382\\Sample Factors\\End Points\\General clinical state finding (Survival Censor)\\Dead\\Cause of Death, Other\\	@	2012-02-27	2012-02-27	2012-02-27	GSE4382	null	null	null	null
4	\\Public Studies\\Breast_Cancer_Sorlie_GSE4382\\Sample Factors\\Histology\\Histological Grades\\Moderately Differentiated\\	Moderately Differentiated	N	LA 	null	24	null	CONCEPT_CD	CONCEPT_DIMENSION	CONCEPT_PATH	T	LIKE	\\Public Studies\\Breast_Cancer_Sorlie_GSE4382\\Sample Factors\\Histology\\Histological Grades\\Moderately Differentiated\\	trial:GSE4382	\\Public Studies\\Breast_Cancer_Sorlie_GSE4382\\Sample Factors\\Histology\\Histological Grades\\Moderately Differentiated\\	@	2012-02-27	2012-02-27	2012-02-27	GSE4382	null	null	null	null
4	\\Public Studies\\Breast_Cancer_Sorlie_GSE4382\\Sample Factors\\Histology\\Histological Grades\\Poorly Differentiated\\	Poorly Differentiated	N	LA 	null	14	null	CONCEPT_CD	CONCEPT_DIMENSION	CONCEPT_PATH	T	LIKE	\\Public Studies\\Breast_Cancer_Sorlie_GSE4382\\Sample Factors\\Histology\\Histological Grades\\Poorly Differentiated\\	trial:GSE4382	\\Public Studies\\Breast_Cancer_Sorlie_GSE4382\\Sample Factors\\Histology\\Histological Grades\\Poorly Differentiated\\	@	2012-02-27	2012-02-27	2012-02-27	GSE4382	null	null	null	null
4	\\Public Studies\\Breast_Cancer_Sorlie_GSE4382\\Sample Factors\\Histology\\Histological Grades\\Unknown\\	Unknown	N	LA 	null	28	null	CONCEPT_CD	CONCEPT_DIMENSION	CONCEPT_PATH	T	LIKE	\\Public Studies\\Breast_Cancer_Sorlie_GSE4382\\Sample Factors\\Histology\\Histological Grades\\Unknown\\	trial:GSE4382	\\Public Studies\\Breast_Cancer_Sorlie_GSE4382\\Sample Factors\\Histology\\Histological Grades\\Unknown\\	@	2012-02-27	2012-02-27	2012-02-27	GSE4382	null	null	null	null
4	\\Public Studies\\Breast_Cancer_Sorlie_GSE4382\\Sample Factors\\Histology\\Histological Grades\\Well Differentiated\\	Well Differentiated	N	LA 	null	42	null	CONCEPT_CD	CONCEPT_DIMENSION	CONCEPT_PATH	T	LIKE	\\Public Studies\\Breast_Cancer_Sorlie_GSE4382\\Sample Factors\\Histology\\Histological Grades\\Well Differentiated\\	trial:GSE4382	\\Public Studies\\Breast_Cancer_Sorlie_GSE4382\\Sample Factors\\Histology\\Histological Grades\\Well Differentiated\\	@	2012-02-27	2012-02-27	2012-02-27	GSE4382	null	null	null	null
4	\\Public Studies\\Breast_Cancer_Sorlie_GSE4382\\Sample Factors\\Histology\\Histological Type\\Anaplastic carcinoma\\	Anaplastic carcinoma	N	LA 	null	43	null	CONCEPT_CD	CONCEPT_DIMENSION	CONCEPT_PATH	T	LIKE	\\Public Studies\\Breast_Cancer_Sorlie_GSE4382\\Sample Factors\\Histology\\Histological Type\\Anaplastic carcinoma\\	trial:GSE4382	\\Public Studies\\Breast_Cancer_Sorlie_GSE4382\\Sample Factors\\Histology\\Histological Type\\Anaplastic carcinoma\\	@	2012-02-27	2012-02-27	2012-02-27	GSE4382	null	null	null	null
4	\\Public Studies\\Breast_Cancer_Sorlie_GSE4382\\Sample Factors\\Histology\\Histological Type\\Breast Normal\\	Breast Normal	N	LA 	null	17	null	CONCEPT_CD	CONCEPT_DIMENSION	CONCEPT_PATH	T	LIKE	\\Public Studies\\Breast_Cancer_Sorlie_GSE4382\\Sample Factors\\Histology\\Histological Type\\Breast Normal\\	trial:GSE4382	\\Public Studies\\Breast_Cancer_Sorlie_GSE4382\\Sample Factors\\Histology\\Histological Type\\Breast Normal\\	@	2012-02-27	2012-02-27	2012-02-27	GSE4382	null	null	null	null
-1	\\Public Studies\\	Public Studies	N	FA 	0	null	null	CONCEPT_CD	CONCEPT_DIMENSION	CONCEPT_PATH	T	LIKE	\\Public Studies\\	null	\\Public Studies\\	@	2010-05-12	null	null	null	null	null	null	null
0	\\Public Studies\\Breast_Cancer_Sorlie_GSE4382\\	Breast_Cancer_Sorlie_GSE4382	N	FA 	null	1	null	CONCEPT_CD	CONCEPT_DIMENSION	CONCEPT_PATH	T	LIKE	\\Public Studies\\Breast_Cancer_Sorlie_GSE4382\\	trial:GSE4382	\\Public Studies\\Breast_Cancer_Sorlie_GSE4382\\	@	2012-02-27	2012-02-27	2012-02-27	GSE4382	null	null	null	null
3	\\Public Studies\\Acute_Physiologic_Hyperinsulinemia_Coletta_GSE9105\\Subjects\\Demographics\\Gender\\	Gender	N	FA 	null	72	null	CONCEPT_CD	CONCEPT_DIMENSION	CONCEPT_PATH	T	LIKE	\\Public Studies\\Acute_Physiologic_Hyperinsulinemia_Coletta_GSE9105\\Subjects\\Demographics\\Gender\\	trial:GSE9105	\\Public Studies\\Acute_Physiologic_Hyperinsulinemia_Coletta_GSE9105\\Subjects\\Demographics\\Gender\\	@	2012-02-27	2012-02-27	2012-02-27	GSE9105	null	null	null	null
4	\\Public Studies\\Breast_Cancer_Sorlie_GSE4382\\Sample Factors\\Histology\\Histological Type\\DCIS\\	DCIS	N	LA 	null	31	null	CONCEPT_CD	CONCEPT_DIMENSION	CONCEPT_PATH	T	LIKE	\\Public Studies\\Breast_Cancer_Sorlie_GSE4382\\Sample Factors\\Histology\\Histological Type\\DCIS\\	trial:GSE4382	\\Public Studies\\Breast_Cancer_Sorlie_GSE4382\\Sample Factors\\Histology\\Histological Type\\DCIS\\	@	2012-02-27	2012-02-27	2012-02-27	GSE4382	null	null	null	null
4	\\Public Studies\\Breast_Cancer_Sorlie_GSE4382\\Sample Factors\\Histology\\Histological Type\\Fibroadenoma\\	Fibroadenoma	N	LA 	null	16	null	CONCEPT_CD	CONCEPT_DIMENSION	CONCEPT_PATH	T	LIKE	\\Public Studies\\Breast_Cancer_Sorlie_GSE4382\\Sample Factors\\Histology\\Histological Type\\Fibroadenoma\\	trial:GSE4382	\\Public Studies\\Breast_Cancer_Sorlie_GSE4382\\Sample Factors\\Histology\\Histological Type\\Fibroadenoma\\	@	2012-02-27	2012-02-27	2012-02-27	GSE4382	null	null	null	null
4	\\Public Studies\\Breast_Cancer_Sorlie_GSE4382\\Sample Factors\\Histology\\Histological Type\\Infiltrating duct carcinoma\\	Infiltrating duct carcinoma	N	LA 	null	18	null	CONCEPT_CD	CONCEPT_DIMENSION	CONCEPT_PATH	T	LIKE	\\Public Studies\\Breast_Cancer_Sorlie_GSE4382\\Sample Factors\\Histology\\Histological Type\\Infiltrating duct carcinoma\\	trial:GSE4382	\\Public Studies\\Breast_Cancer_Sorlie_GSE4382\\Sample Factors\\Histology\\Histological Type\\Infiltrating duct carcinoma\\	@	2012-02-27	2012-02-27	2012-02-27	GSE4382	null	null	null	null
4	\\Public Studies\\Breast_Cancer_Sorlie_GSE4382\\Sample Factors\\Histology\\Histological Type\\Lobular Carcinoma\\	Lobular Carcinoma	N	LA 	null	30	null	CONCEPT_CD	CONCEPT_DIMENSION	CONCEPT_PATH	T	LIKE	\\Public Studies\\Breast_Cancer_Sorlie_GSE4382\\Sample Factors\\Histology\\Histological Type\\Lobular Carcinoma\\	trial:GSE4382	\\Public Studies\\Breast_Cancer_Sorlie_GSE4382\\Sample Factors\\Histology\\Histological Type\\Lobular Carcinoma\\	@	2012-02-27	2012-02-27	2012-02-27	GSE4382	null	null	null	null
4	\\Public Studies\\Breast_Cancer_Sorlie_GSE4382\\Sample Factors\\Histology\\Histological Type\\Mucinous adenocarcinoma\\	Mucinous adenocarcinoma	N	LA 	null	34	null	CONCEPT_CD	CONCEPT_DIMENSION	CONCEPT_PATH	T	LIKE	\\Public Studies\\Breast_Cancer_Sorlie_GSE4382\\Sample Factors\\Histology\\Histological Type\\Mucinous adenocarcinoma\\	trial:GSE4382	\\Public Studies\\Breast_Cancer_Sorlie_GSE4382\\Sample Factors\\Histology\\Histological Type\\Mucinous adenocarcinoma\\	@	2012-02-27	2012-02-27	2012-02-27	GSE4382	null	null	null	null
4	\\Public Studies\\Breast_Cancer_Sorlie_GSE4382\\Sample Factors\\Histology\\Histological Type\\Papillary neoplasm\\	Papillary neoplasm	N	LA 	null	11	null	CONCEPT_CD	CONCEPT_DIMENSION	CONCEPT_PATH	T	LIKE	\\Public Studies\\Breast_Cancer_Sorlie_GSE4382\\Sample Factors\\Histology\\Histological Type\\Papillary neoplasm\\	trial:GSE4382	\\Public Studies\\Breast_Cancer_Sorlie_GSE4382\\Sample Factors\\Histology\\Histological Type\\Papillary neoplasm\\	@	2012-02-27	2012-02-27	2012-02-27	GSE4382	null	null	null	null
4	\\Public Studies\\Breast_Cancer_Sorlie_GSE4382\\Sample Factors\\Histology\\Histological Type\\Pleomorphic carcinoma\\	Pleomorphic carcinoma	N	LA 	null	39	null	CONCEPT_CD	CONCEPT_DIMENSION	CONCEPT_PATH	T	LIKE	\\Public Studies\\Breast_Cancer_Sorlie_GSE4382\\Sample Factors\\Histology\\Histological Type\\Pleomorphic carcinoma\\	trial:GSE4382	\\Public Studies\\Breast_Cancer_Sorlie_GSE4382\\Sample Factors\\Histology\\Histological Type\\Pleomorphic carcinoma\\	@	2012-02-27	2012-02-27	2012-02-27	GSE4382	null	null	null	null
4	\\Public Studies\\Breast_Cancer_Sorlie_GSE4382\\Sample Factors\\Histology\\Histological Type\\Unknown\\	Unknown	N	LA 	null	2	null	CONCEPT_CD	CONCEPT_DIMENSION	CONCEPT_PATH	T	LIKE	\\Public Studies\\Breast_Cancer_Sorlie_GSE4382\\Sample Factors\\Histology\\Histological Type\\Unknown\\	trial:GSE4382	\\Public Studies\\Breast_Cancer_Sorlie_GSE4382\\Sample Factors\\Histology\\Histological Type\\Unknown\\	@	2012-02-27	2012-02-27	2012-02-27	GSE4382	null	null	null	null
3	\\Public Studies\\Breast_Cancer_Sorlie_GSE4382\\Sample Factors\\Oestrogen receptor assay\\Negative\\	Negative	N	LA 	null	36	null	CONCEPT_CD	CONCEPT_DIMENSION	CONCEPT_PATH	T	LIKE	\\Public Studies\\Breast_Cancer_Sorlie_GSE4382\\Sample Factors\\Oestrogen receptor assay\\Negative\\	trial:GSE4382	\\Public Studies\\Breast_Cancer_Sorlie_GSE4382\\Sample Factors\\Oestrogen receptor assay\\Negative\\	@	2012-02-27	2012-02-27	2012-02-27	GSE4382	null	null	null	null
3	\\Public Studies\\Breast_Cancer_Sorlie_GSE4382\\Sample Factors\\Oestrogen receptor assay\\Positive\\	Positive	N	LA 	null	19	null	CONCEPT_CD	CONCEPT_DIMENSION	CONCEPT_PATH	T	LIKE	\\Public Studies\\Breast_Cancer_Sorlie_GSE4382\\Sample Factors\\Oestrogen receptor assay\\Positive\\	trial:GSE4382	\\Public Studies\\Breast_Cancer_Sorlie_GSE4382\\Sample Factors\\Oestrogen receptor assay\\Positive\\	@	2012-02-27	2012-02-27	2012-02-27	GSE4382	null	null	null	null
3	\\Public Studies\\Breast_Cancer_Sorlie_GSE4382\\Sample Factors\\Oestrogen receptor assay\\Unknown\\	Unknown	N	LA 	null	5	null	CONCEPT_CD	CONCEPT_DIMENSION	CONCEPT_PATH	T	LIKE	\\Public Studies\\Breast_Cancer_Sorlie_GSE4382\\Sample Factors\\Oestrogen receptor assay\\Unknown\\	trial:GSE4382	\\Public Studies\\Breast_Cancer_Sorlie_GSE4382\\Sample Factors\\Oestrogen receptor assay\\Unknown\\	@	2012-02-27	2012-02-27	2012-02-27	GSE4382	null	null	null	null
4	\\Public Studies\\Breast_Cancer_Sorlie_GSE4382\\Sample Factors\\TNM Category\\M - Metastasis stages\\M0\\	M0	N	LA 	null	25	null	CONCEPT_CD	CONCEPT_DIMENSION	CONCEPT_PATH	T	LIKE	\\Public Studies\\Breast_Cancer_Sorlie_GSE4382\\Sample Factors\\TNM Category\\M - Metastasis stages\\M0\\	trial:GSE4382	\\Public Studies\\Breast_Cancer_Sorlie_GSE4382\\Sample Factors\\TNM Category\\M - Metastasis stages\\M0\\	@	2012-02-27	2012-02-27	2012-02-27	GSE4382	null	null	null	null
4	\\Public Studies\\Breast_Cancer_Sorlie_GSE4382\\Sample Factors\\TNM Category\\M - Metastasis stages\\M1\\	M1	N	LA 	null	37	null	CONCEPT_CD	CONCEPT_DIMENSION	CONCEPT_PATH	T	LIKE	\\Public Studies\\Breast_Cancer_Sorlie_GSE4382\\Sample Factors\\TNM Category\\M - Metastasis stages\\M1\\	trial:GSE4382	\\Public Studies\\Breast_Cancer_Sorlie_GSE4382\\Sample Factors\\TNM Category\\M - Metastasis stages\\M1\\	@	2012-02-27	2012-02-27	2012-02-27	GSE4382	null	null	null	null
4	\\Public Studies\\Breast_Cancer_Sorlie_GSE4382\\Sample Factors\\TNM Category\\M - Metastasis stages\\Unknown\\	Unknown	N	LA 	null	3	null	CONCEPT_CD	CONCEPT_DIMENSION	CONCEPT_PATH	T	LIKE	\\Public Studies\\Breast_Cancer_Sorlie_GSE4382\\Sample Factors\\TNM Category\\M - Metastasis stages\\Unknown\\	trial:GSE4382	\\Public Studies\\Breast_Cancer_Sorlie_GSE4382\\Sample Factors\\TNM Category\\M - Metastasis stages\\Unknown\\	@	2012-02-27	2012-02-27	2012-02-27	GSE4382	null	null	null	null
0	\\Public Studies\\Endometrial_Cancer_Salvesen_GSE14860\\	Endometrial_Cancer_Salvesen_GSE14860	N	FA 	null	75	null	CONCEPT_CD	CONCEPT_DIMENSION	CONCEPT_PATH	T	LIKE	\\Public Studies\\Endometrial_Cancer_Salvesen_GSE14860\\	trial:GSE14860	\\Public Studies\\Endometrial_Cancer_Salvesen_GSE14860\\	@	2012-02-27	2012-02-27	2012-02-27	GSE14860	null	null	null	null
4	\\Public Studies\\Endometrial_Cancer_Salvesen_GSE14860\\Sample Factors\\Demographics\\Patient Sex (SEX)\\Female\\	Female	N	LA 	null	78	null	CONCEPT_CD	CONCEPT_DIMENSION	CONCEPT_PATH	T	LIKE	\\Public Studies\\Endometrial_Cancer_Salvesen_GSE14860\\Sample Factors\\Demographics\\Patient Sex (SEX)\\Female\\	trial:GSE14860	\\Public Studies\\Endometrial_Cancer_Salvesen_GSE14860\\Sample Factors\\Demographics\\Patient Sex (SEX)\\Female\\	@	2012-02-27	2012-02-27	2012-02-27	GSE14860	null	null	null	null
4	\\Public Studies\\Endometrial_Cancer_Salvesen_GSE14860\\Sample Factors\\Histology\\Histological Type\\Endometrioid Tumor\\	Endometrioid Tumor	N	LA 	null	80	null	CONCEPT_CD	CONCEPT_DIMENSION	CONCEPT_PATH	T	LIKE	\\Public Studies\\Endometrial_Cancer_Salvesen_GSE14860\\Sample Factors\\Histology\\Histological Type\\Endometrioid Tumor\\	trial:GSE14860	\\Public Studies\\Endometrial_Cancer_Salvesen_GSE14860\\Sample Factors\\Histology\\Histological Type\\Endometrioid Tumor\\	@	2012-02-27	2012-02-27	2012-02-27	GSE14860	null	null	null	null
4	\\Public Studies\\Endometrial_Cancer_Salvesen_GSE14860\\Sample Factors\\Histology\\Histological Type\\Other\\	Other	N	LA 	null	77	null	CONCEPT_CD	CONCEPT_DIMENSION	CONCEPT_PATH	T	LIKE	\\Public Studies\\Endometrial_Cancer_Salvesen_GSE14860\\Sample Factors\\Histology\\Histological Type\\Other\\	trial:GSE14860	\\Public Studies\\Endometrial_Cancer_Salvesen_GSE14860\\Sample Factors\\Histology\\Histological Type\\Other\\	@	2012-02-27	2012-02-27	2012-02-27	GSE14860	null	null	null	null
3	\\Public Studies\\Endometrial_Cancer_Salvesen_GSE14860\\Sample Factors\\PI3K Regulation\\Down\\	Down	N	LA 	null	81	null	CONCEPT_CD	CONCEPT_DIMENSION	CONCEPT_PATH	T	LIKE	\\Public Studies\\Endometrial_Cancer_Salvesen_GSE14860\\Sample Factors\\PI3K Regulation\\Down\\	trial:GSE14860	\\Public Studies\\Endometrial_Cancer_Salvesen_GSE14860\\Sample Factors\\PI3K Regulation\\Down\\	@	2012-02-27	2012-02-27	2012-02-27	GSE14860	null	null	null	null
3	\\Public Studies\\Endometrial_Cancer_Salvesen_GSE14860\\Sample Factors\\PI3K Regulation\\Up\\	Up	N	LA 	null	76	null	CONCEPT_CD	CONCEPT_DIMENSION	CONCEPT_PATH	T	LIKE	\\Public Studies\\Endometrial_Cancer_Salvesen_GSE14860\\Sample Factors\\PI3K Regulation\\Up\\	trial:GSE14860	\\Public Studies\\Endometrial_Cancer_Salvesen_GSE14860\\Sample Factors\\PI3K Regulation\\Up\\	@	2012-02-27	2012-02-27	2012-02-27	GSE14860	null	null	null	null
3	\\Public Studies\\Endometrial_Cancer_Salvesen_GSE14860\\Sample Factors\\Tumor Status\\FIGO I/II and No Recurrence\\	FIGO I/II and No Recurrence	N	LA 	null	82	null	CONCEPT_CD	CONCEPT_DIMENSION	CONCEPT_PATH	T	LIKE	\\Public Studies\\Endometrial_Cancer_Salvesen_GSE14860\\Sample Factors\\Tumor Status\\FIGO I/II and No Recurrence\\	trial:GSE14860	\\Public Studies\\Endometrial_Cancer_Salvesen_GSE14860\\Sample Factors\\Tumor Status\\FIGO I/II and No Recurrence\\	@	2012-02-27	2012-02-27	2012-02-27	GSE14860	null	null	null	null
3	\\Public Studies\\Endometrial_Cancer_Salvesen_GSE14860\\Sample Factors\\Tumor Status\\FIGO III/IV or Recurrence\\	FIGO III/IV or Recurrence	N	LA 	null	79	null	CONCEPT_CD	CONCEPT_DIMENSION	CONCEPT_PATH	T	LIKE	\\Public Studies\\Endometrial_Cancer_Salvesen_GSE14860\\Sample Factors\\Tumor Status\\FIGO III/IV or Recurrence\\	trial:GSE14860	\\Public Studies\\Endometrial_Cancer_Salvesen_GSE14860\\Sample Factors\\Tumor Status\\FIGO III/IV or Recurrence\\	@	2012-02-27	2012-02-27	2012-02-27	GSE14860	null	null	null	null
1	\\Public Studies\\Endometrial_Cancer_Salvesen_GSE14860\\Sample Factors\\	Sample Factors	N	FA 	null	83	null	CONCEPT_CD	CONCEPT_DIMENSION	CONCEPT_PATH	T	LIKE	\\Public Studies\\Endometrial_Cancer_Salvesen_GSE14860\\Sample Factors\\	trial:GSE14860	\\Public Studies\\Endometrial_Cancer_Salvesen_GSE14860\\Sample Factors\\	@	2012-02-27	2012-02-27	2012-02-27	GSE14860	null	null	null	null
2	\\Public Studies\\Endometrial_Cancer_Salvesen_GSE14860\\Sample Factors\\Demographics\\	Demographics	N	FA 	null	84	null	CONCEPT_CD	CONCEPT_DIMENSION	CONCEPT_PATH	T	LIKE	\\Public Studies\\Endometrial_Cancer_Salvesen_GSE14860\\Sample Factors\\Demographics\\	trial:GSE14860	\\Public Studies\\Endometrial_Cancer_Salvesen_GSE14860\\Sample Factors\\Demographics\\	@	2012-02-27	2012-02-27	2012-02-27	GSE14860	null	null	null	null
3	\\Public Studies\\Endometrial_Cancer_Salvesen_GSE14860\\Sample Factors\\Demographics\\Patient Sex (SEX)\\	Patient Sex (SEX)	N	FA 	null	85	null	CONCEPT_CD	CONCEPT_DIMENSION	CONCEPT_PATH	T	LIKE	\\Public Studies\\Endometrial_Cancer_Salvesen_GSE14860\\Sample Factors\\Demographics\\Patient Sex (SEX)\\	trial:GSE14860	\\Public Studies\\Endometrial_Cancer_Salvesen_GSE14860\\Sample Factors\\Demographics\\Patient Sex (SEX)\\	@	2012-02-27	2012-02-27	2012-02-27	GSE14860	null	null	null	null
2	\\Public Studies\\Endometrial_Cancer_Salvesen_GSE14860\\Sample Factors\\Tumor Status\\	Tumor Status	N	FA 	null	86	null	CONCEPT_CD	CONCEPT_DIMENSION	CONCEPT_PATH	T	LIKE	\\Public Studies\\Endometrial_Cancer_Salvesen_GSE14860\\Sample Factors\\Tumor Status\\	trial:GSE14860	\\Public Studies\\Endometrial_Cancer_Salvesen_GSE14860\\Sample Factors\\Tumor Status\\	@	2012-02-27	2012-02-27	2012-02-27	GSE14860	null	null	null	null
2	\\Public Studies\\Endometrial_Cancer_Salvesen_GSE14860\\Sample Factors\\Histology\\	Histology	N	FA 	null	87	null	CONCEPT_CD	CONCEPT_DIMENSION	CONCEPT_PATH	T	LIKE	\\Public Studies\\Endometrial_Cancer_Salvesen_GSE14860\\Sample Factors\\Histology\\	trial:GSE14860	\\Public Studies\\Endometrial_Cancer_Salvesen_GSE14860\\Sample Factors\\Histology\\	@	2012-02-27	2012-02-27	2012-02-27	GSE14860	null	null	null	null
3	\\Public Studies\\Endometrial_Cancer_Salvesen_GSE14860\\Sample Factors\\Histology\\Histological Type\\	Histological Type	N	FA 	null	88	null	CONCEPT_CD	CONCEPT_DIMENSION	CONCEPT_PATH	T	LIKE	\\Public Studies\\Endometrial_Cancer_Salvesen_GSE14860\\Sample Factors\\Histology\\Histological Type\\	trial:GSE14860	\\Public Studies\\Endometrial_Cancer_Salvesen_GSE14860\\Sample Factors\\Histology\\Histological Type\\	@	2012-02-27	2012-02-27	2012-02-27	GSE14860	null	null	null	null
2	\\Public Studies\\Endometrial_Cancer_Salvesen_GSE14860\\Sample Factors\\PI3K Regulation\\	PI3K Regulation	N	FA 	null	89	null	CONCEPT_CD	CONCEPT_DIMENSION	CONCEPT_PATH	T	LIKE	\\Public Studies\\Endometrial_Cancer_Salvesen_GSE14860\\Sample Factors\\PI3K Regulation\\	trial:GSE14860	\\Public Studies\\Endometrial_Cancer_Salvesen_GSE14860\\Sample Factors\\PI3K Regulation\\	@	2012-02-27	2012-02-27	2012-02-27	GSE14860	null	null	null	null
4	\\Public Studies\\Breast_Cancer_Sorlie_GSE4382\\Sample Factors\\TNM Category\\N - Node stages\\N0\\	N0	N	LA 	null	8	null	CONCEPT_CD	CONCEPT_DIMENSION	CONCEPT_PATH	T	LIKE	\\Public Studies\\Breast_Cancer_Sorlie_GSE4382\\Sample Factors\\TNM Category\\N - Node stages\\N0\\	trial:GSE4382	\\Public Studies\\Breast_Cancer_Sorlie_GSE4382\\Sample Factors\\TNM Category\\N - Node stages\\N0\\	@	2012-02-27	2012-02-27	2012-02-27	GSE4382	null	null	null	null
4	\\Public Studies\\Breast_Cancer_Sorlie_GSE4382\\Sample Factors\\TNM Category\\N - Node stages\\N1\\	N1	N	LA 	null	41	null	CONCEPT_CD	CONCEPT_DIMENSION	CONCEPT_PATH	T	LIKE	\\Public Studies\\Breast_Cancer_Sorlie_GSE4382\\Sample Factors\\TNM Category\\N - Node stages\\N1\\	trial:GSE4382	\\Public Studies\\Breast_Cancer_Sorlie_GSE4382\\Sample Factors\\TNM Category\\N - Node stages\\N1\\	@	2012-02-27	2012-02-27	2012-02-27	GSE4382	null	null	null	null
4	\\Public Studies\\Breast_Cancer_Sorlie_GSE4382\\Sample Factors\\TNM Category\\N - Node stages\\N2\\	N2	N	LA 	null	7	null	CONCEPT_CD	CONCEPT_DIMENSION	CONCEPT_PATH	T	LIKE	\\Public Studies\\Breast_Cancer_Sorlie_GSE4382\\Sample Factors\\TNM Category\\N - Node stages\\N2\\	trial:GSE4382	\\Public Studies\\Breast_Cancer_Sorlie_GSE4382\\Sample Factors\\TNM Category\\N - Node stages\\N2\\	@	2012-02-27	2012-02-27	2012-02-27	GSE4382	null	null	null	null
4	\\Public Studies\\Breast_Cancer_Sorlie_GSE4382\\Sample Factors\\TNM Category\\N - Node stages\\Unknown\\	Unknown	N	LA 	null	22	null	CONCEPT_CD	CONCEPT_DIMENSION	CONCEPT_PATH	T	LIKE	\\Public Studies\\Breast_Cancer_Sorlie_GSE4382\\Sample Factors\\TNM Category\\N - Node stages\\Unknown\\	trial:GSE4382	\\Public Studies\\Breast_Cancer_Sorlie_GSE4382\\Sample Factors\\TNM Category\\N - Node stages\\Unknown\\	@	2012-02-27	2012-02-27	2012-02-27	GSE4382	null	null	null	null
4	\\Public Studies\\Breast_Cancer_Sorlie_GSE4382\\Sample Factors\\TNM Category\\T - Tumor stages\\T1\\	T1	N	LA 	null	10	null	CONCEPT_CD	CONCEPT_DIMENSION	CONCEPT_PATH	T	LIKE	\\Public Studies\\Breast_Cancer_Sorlie_GSE4382\\Sample Factors\\TNM Category\\T - Tumor stages\\T1\\	trial:GSE4382	\\Public Studies\\Breast_Cancer_Sorlie_GSE4382\\Sample Factors\\TNM Category\\T - Tumor stages\\T1\\	@	2012-02-27	2012-02-27	2012-02-27	GSE4382	null	null	null	null
4	\\Public Studies\\Breast_Cancer_Sorlie_GSE4382\\Sample Factors\\TNM Category\\T - Tumor stages\\T2\\	T2	N	LA 	null	29	null	CONCEPT_CD	CONCEPT_DIMENSION	CONCEPT_PATH	T	LIKE	\\Public Studies\\Breast_Cancer_Sorlie_GSE4382\\Sample Factors\\TNM Category\\T - Tumor stages\\T2\\	trial:GSE4382	\\Public Studies\\Breast_Cancer_Sorlie_GSE4382\\Sample Factors\\TNM Category\\T - Tumor stages\\T2\\	@	2012-02-27	2012-02-27	2012-02-27	GSE4382	null	null	null	null
4	\\Public Studies\\Breast_Cancer_Sorlie_GSE4382\\Sample Factors\\TNM Category\\T - Tumor stages\\T3\\	T3	N	LA 	null	6	null	CONCEPT_CD	CONCEPT_DIMENSION	CONCEPT_PATH	T	LIKE	\\Public Studies\\Breast_Cancer_Sorlie_GSE4382\\Sample Factors\\TNM Category\\T - Tumor stages\\T3\\	trial:GSE4382	\\Public Studies\\Breast_Cancer_Sorlie_GSE4382\\Sample Factors\\TNM Category\\T - Tumor stages\\T3\\	@	2012-02-27	2012-02-27	2012-02-27	GSE4382	null	null	null	null
4	\\Public Studies\\Breast_Cancer_Sorlie_GSE4382\\Sample Factors\\TNM Category\\T - Tumor stages\\T4\\	T4	N	LA 	null	12	null	CONCEPT_CD	CONCEPT_DIMENSION	CONCEPT_PATH	T	LIKE	\\Public Studies\\Breast_Cancer_Sorlie_GSE4382\\Sample Factors\\TNM Category\\T - Tumor stages\\T4\\	trial:GSE4382	\\Public Studies\\Breast_Cancer_Sorlie_GSE4382\\Sample Factors\\TNM Category\\T - Tumor stages\\T4\\	@	2012-02-27	2012-02-27	2012-02-27	GSE4382	null	null	null	null
4	\\Public Studies\\Breast_Cancer_Sorlie_GSE4382\\Sample Factors\\TNM Category\\T - Tumor stages\\Unknown\\	Unknown	N	LA 	null	35	null	CONCEPT_CD	CONCEPT_DIMENSION	CONCEPT_PATH	T	LIKE	\\Public Studies\\Breast_Cancer_Sorlie_GSE4382\\Sample Factors\\TNM Category\\T - Tumor stages\\Unknown\\	trial:GSE4382	\\Public Studies\\Breast_Cancer_Sorlie_GSE4382\\Sample Factors\\TNM Category\\T - Tumor stages\\Unknown\\	@	2012-02-27	2012-02-27	2012-02-27	GSE4382	null	null	null	null
3	\\Public Studies\\Breast_Cancer_Sorlie_GSE4382\\Sample Factors\\Tumor Subtype\\ERBB+\\	ERBB+	N	LA 	null	4	null	CONCEPT_CD	CONCEPT_DIMENSION	CONCEPT_PATH	T	LIKE	\\Public Studies\\Breast_Cancer_Sorlie_GSE4382\\Sample Factors\\Tumor Subtype\\ERBB+\\	trial:GSE4382	\\Public Studies\\Breast_Cancer_Sorlie_GSE4382\\Sample Factors\\Tumor Subtype\\ERBB+\\	@	2012-02-27	2012-02-27	2012-02-27	GSE4382	null	null	null	null
3	\\Public Studies\\Breast_Cancer_Sorlie_GSE4382\\Sample Factors\\Tumor Subtype\\Luminal A\\	Luminal A	N	LA 	null	20	null	CONCEPT_CD	CONCEPT_DIMENSION	CONCEPT_PATH	T	LIKE	\\Public Studies\\Breast_Cancer_Sorlie_GSE4382\\Sample Factors\\Tumor Subtype\\Luminal A\\	trial:GSE4382	\\Public Studies\\Breast_Cancer_Sorlie_GSE4382\\Sample Factors\\Tumor Subtype\\Luminal A\\	@	2012-02-27	2012-02-27	2012-02-27	GSE4382	null	null	null	null
3	\\Public Studies\\Breast_Cancer_Sorlie_GSE4382\\Sample Factors\\Tumor Subtype\\Luminal B\\	Luminal B	N	LA 	null	13	null	CONCEPT_CD	CONCEPT_DIMENSION	CONCEPT_PATH	T	LIKE	\\Public Studies\\Breast_Cancer_Sorlie_GSE4382\\Sample Factors\\Tumor Subtype\\Luminal B\\	trial:GSE4382	\\Public Studies\\Breast_Cancer_Sorlie_GSE4382\\Sample Factors\\Tumor Subtype\\Luminal B\\	@	2012-02-27	2012-02-27	2012-02-27	GSE4382	null	null	null	null
3	\\Public Studies\\Breast_Cancer_Sorlie_GSE4382\\Sample Factors\\Tumor Subtype\\None\\	None	N	LA 	null	15	null	CONCEPT_CD	CONCEPT_DIMENSION	CONCEPT_PATH	T	LIKE	\\Public Studies\\Breast_Cancer_Sorlie_GSE4382\\Sample Factors\\Tumor Subtype\\None\\	trial:GSE4382	\\Public Studies\\Breast_Cancer_Sorlie_GSE4382\\Sample Factors\\Tumor Subtype\\None\\	@	2012-02-27	2012-02-27	2012-02-27	GSE4382	null	null	null	null
3	\\Public Studies\\Breast_Cancer_Sorlie_GSE4382\\Sample Factors\\Tumor Subtype\\Normal\\	Normal	N	LA 	null	38	null	CONCEPT_CD	CONCEPT_DIMENSION	CONCEPT_PATH	T	LIKE	\\Public Studies\\Breast_Cancer_Sorlie_GSE4382\\Sample Factors\\Tumor Subtype\\Normal\\	trial:GSE4382	\\Public Studies\\Breast_Cancer_Sorlie_GSE4382\\Sample Factors\\Tumor Subtype\\Normal\\	@	2012-02-27	2012-02-27	2012-02-27	GSE4382	null	null	null	null
3	\\Public Studies\\Breast_Cancer_Sorlie_GSE4382\\Sample Factors\\Tumor Subtype\\basal\\	basal	N	LA 	null	33	null	CONCEPT_CD	CONCEPT_DIMENSION	CONCEPT_PATH	T	LIKE	\\Public Studies\\Breast_Cancer_Sorlie_GSE4382\\Sample Factors\\Tumor Subtype\\basal\\	trial:GSE4382	\\Public Studies\\Breast_Cancer_Sorlie_GSE4382\\Sample Factors\\Tumor Subtype\\basal\\	@	2012-02-27	2012-02-27	2012-02-27	GSE4382	null	null	null	null
1	\\Public Studies\\Breast_Cancer_Sorlie_GSE4382\\Sample Factors\\	Sample Factors	N	FA 	null	44	null	CONCEPT_CD	CONCEPT_DIMENSION	CONCEPT_PATH	T	LIKE	\\Public Studies\\Breast_Cancer_Sorlie_GSE4382\\Sample Factors\\	trial:GSE4382	\\Public Studies\\Breast_Cancer_Sorlie_GSE4382\\Sample Factors\\	@	2012-02-27	2012-02-27	2012-02-27	GSE4382	null	null	null	null
3	\\Public Studies\\Breast_Cancer_Sorlie_GSE4382\\Biomarker Data\\Gene Expression\\Stanford cDNA microarrays\\	Stanford cDNA microarrays	N	FA 	null	103	null	CONCEPT_CD	CONCEPT_DIMENSION	CONCEPT_PATH	T	LIKE	\\Public Studies\\Breast_Cancer_Sorlie_GSE4382\\Biomarker Data\\Gene Expression\\Stanford cDNA microarrays\\	trial:GSE4382	\\Public Studies\\Breast_Cancer_Sorlie_GSE4382\\Biomarker Data\\Gene Expression\\Stanford cDNA microarrays\\	@	2012-04-18	2012-04-18	2012-04-18	GSE4382	null	null	null	null
1	\\Public Studies\\Breast_Cancer_Sorlie_GSE4382\\Biomarker Data\\	Biomarker Data	N	FA 	null	104	null	CONCEPT_CD	CONCEPT_DIMENSION	CONCEPT_PATH	T	LIKE	\\Public Studies\\Breast_Cancer_Sorlie_GSE4382\\Biomarker Data\\	trial:GSE4382	\\Public Studies\\Breast_Cancer_Sorlie_GSE4382\\Biomarker Data\\	@	2012-04-18	2012-04-18	2012-04-18	GSE4382	null	null	null	null
2	\\Public Studies\\Breast_Cancer_Sorlie_GSE4382\\Biomarker Data\\Gene Expression\\	Gene Expression	N	FA 	null	105	null	CONCEPT_CD	CONCEPT_DIMENSION	CONCEPT_PATH	T	LIKE	\\Public Studies\\Breast_Cancer_Sorlie_GSE4382\\Biomarker Data\\Gene Expression\\	trial:GSE4382	\\Public Studies\\Breast_Cancer_Sorlie_GSE4382\\Biomarker Data\\Gene Expression\\	@	2012-04-18	2012-04-18	2012-04-18	GSE4382	null	null	null	null
3	\\Public Studies\\Breast_Cancer_Sorlie_GSE4382\\Sample Factors\\End Points\\Recurrence-free survival time (Months)\\	Recurrence-free survival time (Months)	N	LA 	null	26	<?xml version="1.0"?><ValueMetadata><Version>3.02</Version><CreationDateTime>08/14/2008 01:22:59</CreationDateTime><TestID></TestID><TestName></TestName><DataType>PosFloat</DataType><CodeType></CodeType><Loinc></Loinc><Flagstouse></Flagstouse><Oktousevalues>Y</Oktousevalues><MaxStringLength></MaxStringLength><LowofLowValue>0</LowofLowValue><HighofLowValue>0</HighofLowValue><LowofHighValue>100</LowofHighValue>100<HighofHighValue>100</HighofHighValue><LowofToxicValue></LowofToxicValue><HighofToxicValue></HighofToxicValue><EnumValues></EnumValues><CommentsDeterminingExclusion><Com></Com></CommentsDeterminingExclusion><UnitValues><NormalUnits>ratio</NormalUnits><EqualUnits></EqualUnits><ExcludingUnits></ExcludingUnits><ConvertingUnits><Units></Units><MultiplyingFactor></MultiplyingFactor></ConvertingUnits></UnitValues><Analysis><Enums /><Counts /><New /></Analysis></ValueMetadata>	CONCEPT_CD	CONCEPT_DIMENSION	CONCEPT_PATH	T	LIKE	\\Public Studies\\Breast_Cancer_Sorlie_GSE4382\\Sample Factors\\End Points\\Recurrence-free survival time (Months)\\	trial:GSE4382	\\Public Studies\\Breast_Cancer_Sorlie_GSE4382\\Sample Factors\\End Points\\Recurrence-free survival time (Months)\\	@	2012-02-27	2012-02-27	2012-02-27	GSE4382	null	null	null	null
4	\\Public Studies\\Breast_Cancer_Sorlie_GSE4382\\Biomarker Data\\Gene Expression\\Stanford cDNA microarrays\\Breast\\	Breast	N	LAH	null	106	null	CONCEPT_CD	CONCEPT_DIMENSION	CONCEPT_PATH	T	LIKE	\\Public Studies\\Breast_Cancer_Sorlie_GSE4382\\Biomarker Data\\Gene Expression\\Stanford cDNA microarrays\\Breast\\	trial:GSE4382	\\Public Studies\\Breast_Cancer_Sorlie_GSE4382\\Biomarker Data\\Gene Expression\\Stanford cDNA microarrays\\Breast\\	@	2012-04-18	2012-04-18	2012-04-18	GSE4382	null	null	null	null
3	\\Public Studies\\Breast_Cancer_Sorlie_GSE4382\\Sample Factors\\End Points\\Survival time (Months)\\	Survival time (Months)	N	LA 	null	27	<?xml version="1.0"?><ValueMetadata><Version>3.02</Version><CreationDateTime>08/14/2008 01:22:59</CreationDateTime><TestID></TestID><TestName></TestName><DataType>PosFloat</DataType><CodeType></CodeType><Loinc></Loinc><Flagstouse></Flagstouse><Oktousevalues>Y</Oktousevalues><MaxStringLength></MaxStringLength><LowofLowValue>0</LowofLowValue><HighofLowValue>0</HighofLowValue><LowofHighValue>100</LowofHighValue>100<HighofHighValue>100</HighofHighValue><LowofToxicValue></LowofToxicValue><HighofToxicValue></HighofToxicValue><EnumValues></EnumValues><CommentsDeterminingExclusion><Com></Com></CommentsDeterminingExclusion><UnitValues><NormalUnits>ratio</NormalUnits><EqualUnits></EqualUnits><ExcludingUnits></ExcludingUnits><ConvertingUnits><Units></Units><MultiplyingFactor></MultiplyingFactor></ConvertingUnits></UnitValues><Analysis><Enums /><Counts /><New /></Analysis></ValueMetadata>	CONCEPT_CD	CONCEPT_DIMENSION	CONCEPT_PATH	T	LIKE	\\Public Studies\\Breast_Cancer_Sorlie_GSE4382\\Sample Factors\\End Points\\Survival time (Months)\\	trial:GSE4382	\\Public Studies\\Breast_Cancer_Sorlie_GSE4382\\Sample Factors\\End Points\\Survival time (Months)\\	@	2012-02-27	2012-02-27	2012-02-27	GSE4382	null	null	null	null
2	\\Public Studies\\Breast_Cancer_Sorlie_GSE4382\\Sample Factors\\End Points\\	End Points	N	FA 	null	45	null	CONCEPT_CD	CONCEPT_DIMENSION	CONCEPT_PATH	T	LIKE	\\Public Studies\\Breast_Cancer_Sorlie_GSE4382\\Sample Factors\\End Points\\	trial:GSE4382	\\Public Studies\\Breast_Cancer_Sorlie_GSE4382\\Sample Factors\\End Points\\	@	2012-02-27	2012-02-27	2012-02-27	GSE4382	null	null	null	null
2	\\Public Studies\\Breast_Cancer_Sorlie_GSE4382\\Sample Factors\\Histology\\	Histology	N	FA 	null	46	null	CONCEPT_CD	CONCEPT_DIMENSION	CONCEPT_PATH	T	LIKE	\\Public Studies\\Breast_Cancer_Sorlie_GSE4382\\Sample Factors\\Histology\\	trial:GSE4382	\\Public Studies\\Breast_Cancer_Sorlie_GSE4382\\Sample Factors\\Histology\\	@	2012-02-27	2012-02-27	2012-02-27	GSE4382	null	null	null	null
3	\\Public Studies\\Breast_Cancer_Sorlie_GSE4382\\Sample Factors\\Histology\\Histological Grades\\	Histological Grades	N	FA 	null	47	null	CONCEPT_CD	CONCEPT_DIMENSION	CONCEPT_PATH	T	LIKE	\\Public Studies\\Breast_Cancer_Sorlie_GSE4382\\Sample Factors\\Histology\\Histological Grades\\	trial:GSE4382	\\Public Studies\\Breast_Cancer_Sorlie_GSE4382\\Sample Factors\\Histology\\Histological Grades\\	@	2012-02-27	2012-02-27	2012-02-27	GSE4382	null	null	null	null
2	\\Public Studies\\Breast_Cancer_Sorlie_GSE4382\\Sample Factors\\TNM Category\\	TNM Category	N	FA 	null	48	null	CONCEPT_CD	CONCEPT_DIMENSION	CONCEPT_PATH	T	LIKE	\\Public Studies\\Breast_Cancer_Sorlie_GSE4382\\Sample Factors\\TNM Category\\	trial:GSE4382	\\Public Studies\\Breast_Cancer_Sorlie_GSE4382\\Sample Factors\\TNM Category\\	@	2012-02-27	2012-02-27	2012-02-27	GSE4382	null	null	null	null
3	\\Public Studies\\Breast_Cancer_Sorlie_GSE4382\\Sample Factors\\TNM Category\\T - Tumor stages\\	T - Tumor stages	N	FA 	null	49	null	CONCEPT_CD	CONCEPT_DIMENSION	CONCEPT_PATH	T	LIKE	\\Public Studies\\Breast_Cancer_Sorlie_GSE4382\\Sample Factors\\TNM Category\\T - Tumor stages\\	trial:GSE4382	\\Public Studies\\Breast_Cancer_Sorlie_GSE4382\\Sample Factors\\TNM Category\\T - Tumor stages\\	@	2012-02-27	2012-02-27	2012-02-27	GSE4382	null	null	null	null
3	\\Public Studies\\Breast_Cancer_Sorlie_GSE4382\\Sample Factors\\Histology\\Histological Type\\	Histological Type	N	FA 	null	50	null	CONCEPT_CD	CONCEPT_DIMENSION	CONCEPT_PATH	T	LIKE	\\Public Studies\\Breast_Cancer_Sorlie_GSE4382\\Sample Factors\\Histology\\Histological Type\\	trial:GSE4382	\\Public Studies\\Breast_Cancer_Sorlie_GSE4382\\Sample Factors\\Histology\\Histological Type\\	@	2012-02-27	2012-02-27	2012-02-27	GSE4382	null	null	null	null
3	\\Public Studies\\Breast_Cancer_Sorlie_GSE4382\\Sample Factors\\End Points\\General clinical state finding (Survival Censor)\\	General clinical state finding (Survival Censor)	N	FA 	null	51	null	CONCEPT_CD	CONCEPT_DIMENSION	CONCEPT_PATH	T	LIKE	\\Public Studies\\Breast_Cancer_Sorlie_GSE4382\\Sample Factors\\End Points\\General clinical state finding (Survival Censor)\\	trial:GSE4382	\\Public Studies\\Breast_Cancer_Sorlie_GSE4382\\Sample Factors\\End Points\\General clinical state finding (Survival Censor)\\	@	2012-02-27	2012-02-27	2012-02-27	GSE4382	null	null	null	null
4	\\Public Studies\\Breast_Cancer_Sorlie_GSE4382\\Sample Factors\\End Points\\General clinical state finding (Survival Censor)\\Alive\\	Alive	N	FA 	null	52	null	CONCEPT_CD	CONCEPT_DIMENSION	CONCEPT_PATH	T	LIKE	\\Public Studies\\Breast_Cancer_Sorlie_GSE4382\\Sample Factors\\End Points\\General clinical state finding (Survival Censor)\\Alive\\	trial:GSE4382	\\Public Studies\\Breast_Cancer_Sorlie_GSE4382\\Sample Factors\\End Points\\General clinical state finding (Survival Censor)\\Alive\\	@	2012-02-27	2012-02-27	2012-02-27	GSE4382	null	null	null	null
3	\\Public Studies\\Breast_Cancer_Sorlie_GSE4382\\Sample Factors\\TNM Category\\M - Metastasis stages\\	M - Metastasis stages	N	FA 	null	53	null	CONCEPT_CD	CONCEPT_DIMENSION	CONCEPT_PATH	T	LIKE	\\Public Studies\\Breast_Cancer_Sorlie_GSE4382\\Sample Factors\\TNM Category\\M - Metastasis stages\\	trial:GSE4382	\\Public Studies\\Breast_Cancer_Sorlie_GSE4382\\Sample Factors\\TNM Category\\M - Metastasis stages\\	@	2012-02-27	2012-02-27	2012-02-27	GSE4382	null	null	null	null
3	\\Public Studies\\Breast_Cancer_Sorlie_GSE4382\\Sample Factors\\TNM Category\\N - Node stages\\	N - Node stages	N	FA 	null	54	null	CONCEPT_CD	CONCEPT_DIMENSION	CONCEPT_PATH	T	LIKE	\\Public Studies\\Breast_Cancer_Sorlie_GSE4382\\Sample Factors\\TNM Category\\N - Node stages\\	trial:GSE4382	\\Public Studies\\Breast_Cancer_Sorlie_GSE4382\\Sample Factors\\TNM Category\\N - Node stages\\	@	2012-02-27	2012-02-27	2012-02-27	GSE4382	null	null	null	null
2	\\Public Studies\\Breast_Cancer_Sorlie_GSE4382\\Sample Factors\\Tumor Subtype\\	Tumor Subtype	N	FA 	null	55	null	CONCEPT_CD	CONCEPT_DIMENSION	CONCEPT_PATH	T	LIKE	\\Public Studies\\Breast_Cancer_Sorlie_GSE4382\\Sample Factors\\Tumor Subtype\\	trial:GSE4382	\\Public Studies\\Breast_Cancer_Sorlie_GSE4382\\Sample Factors\\Tumor Subtype\\	@	2012-02-27	2012-02-27	2012-02-27	GSE4382	null	null	null	null
4	\\Public Studies\\Breast_Cancer_Sorlie_GSE4382\\Sample Factors\\End Points\\General clinical state finding (Survival Censor)\\Dead\\	Dead	N	FA 	null	56	null	CONCEPT_CD	CONCEPT_DIMENSION	CONCEPT_PATH	T	LIKE	\\Public Studies\\Breast_Cancer_Sorlie_GSE4382\\Sample Factors\\End Points\\General clinical state finding (Survival Censor)\\Dead\\	trial:GSE4382	\\Public Studies\\Breast_Cancer_Sorlie_GSE4382\\Sample Factors\\End Points\\General clinical state finding (Survival Censor)\\Dead\\	@	2012-02-27	2012-02-27	2012-02-27	GSE4382	null	null	null	null
2	\\Public Studies\\Breast_Cancer_Sorlie_GSE4382\\Sample Factors\\Oestrogen receptor assay\\	Oestrogen receptor assay	N	FA 	null	57	null	CONCEPT_CD	CONCEPT_DIMENSION	CONCEPT_PATH	T	LIKE	\\Public Studies\\Breast_Cancer_Sorlie_GSE4382\\Sample Factors\\Oestrogen receptor assay\\	trial:GSE4382	\\Public Studies\\Breast_Cancer_Sorlie_GSE4382\\Sample Factors\\Oestrogen receptor assay\\	@	2012-02-27	2012-02-27	2012-02-27	GSE4382	null	null	null	null
